"Row","Advancing_Groups","Not_Advancing","Match_1A","Match_1B","Match_1D","Match_1E","Match_1G","Match_1I","Match_1K","Match_1L"
"1","E,F,G,H,I,J,K,L","A,B,C,D","3E","3J","3I","3F","3H","3G","3L","3K"
"2","D,F,G,H,I,J,K,L","A,B,C,E","3H","3G","3I","3D","3J","3F","3L","3K"
"3","D,E,G,H,I,J,K,L","A,B,C,F","3E","3J","3I","3D","3H","3G","3L","3K"
"4","D,E,F,H,I,J,K,L","A,B,C,G","3E","3J","3I","3D","3H","3F","3L","3K"
"5","D,E,F,G,I,J,K,L","A,B,C,H","3E","3G","3I","3D","3J","3F","3L","3K"
"6","D,E,F,G,H,J,K,L","A,B,C,I","3E","3G","3J","3D","3H","3F","3L","3K"
"7","D,E,F,G,H,I,K,L","A,B,C,J","3E","3G","3I","3D","3H","3F","3L","3K"
"8","D,E,F,G,H,I,J,L","A,B,C,K","3E","3G","3J","3D","3H","3F","3L","3I"
"9","D,E,F,G,H,I,J,K","A,B,C,L","3E","3G","3J","3D","3H","3F","3I","3K"
"10","C,F,G,H,I,J,K,L","A,B,D,E","3H","3G","3I","3C","3J","3F","3L","3K"
"11","C,E,G,H,I,J,K,L","A,B,D,F","3E","3J","3I","3C","3H","3G","3L","3K"
"12","C,E,F,H,I,J,K,L","A,B,D,G","3E","3J","3I","3C","3H","3F","3L","3K"
"13","C,E,F,G,I,J,K,L","A,B,D,H","3E","3G","3I","3C","3J","3F","3L","3K"
"14","C,E,F,G,H,J,K,L","A,B,D,I","3E","3G","3J","3C","3H","3F","3L","3K"
"15","C,E,F,G,H,I,K,L","A,B,D,J","3E","3G","3I","3C","3H","3F","3L","3K"
"16","C,E,F,G,H,I,J,L","A,B,D,K","3E","3G","3J","3C","3H","3F","3L","3I"
"17","C,E,F,G,H,I,J,K","A,B,D,L","3E","3G","3J","3C","3H","3F","3I","3K"
"18","C,D,G,H,I,J,K,L","A,B,E,F","3H","3G","3I","3C","3J","3D","3L","3K"
"19","C,D,F,H,I,J,K,L","A,B,E,G","3C","3J","3I","3D","3H","3F","3L","3K"
"20","C,D,F,G,I,J,K,L","A,B,E,H","3C","3G","3I","3D","3J","3F","3L","3K"
"21","C,D,F,G,H,J,K,L","A,B,E,I","3C","3G","3J","3D","3H","3F","3L","3K"
"22","C,D,F,G,H,I,K,L","A,B,E,J","3C","3G","3I","3D","3H","3F","3L","3K"
"23","C,D,F,G,H,I,J,L","A,B,E,K","3C","3G","3J","3D","3H","3F","3L","3I"
"24","C,D,F,G,H,I,J,K","A,B,E,L","3C","3G","3J","3D","3H","3F","3I","3K"
"25","C,D,E,H,I,J,K,L","A,B,F,G","3E","3J","3I","3C","3H","3D","3L","3K"
"26","C,D,E,G,I,J,K,L","A,B,F,H","3E","3G","3I","3C","3J","3D","3L","3K"
"27","C,D,E,G,H,J,K,L","A,B,F,I","3E","3G","3J","3C","3H","3D","3L","3K"
"28","C,D,E,G,H,I,K,L","A,B,F,J","3E","3G","3I","3C","3H","3D","3L","3K"
"29","C,D,E,G,H,I,J,L","A,B,F,K","3E","3G","3J","3C","3H","3D","3L","3I"
"30","C,D,E,G,H,I,J,K","A,B,F,L","3E","3G","3J","3C","3H","3D","3I","3K"
"31","C,D,E,F,I,J,K,L","A,B,G,H","3C","3J","3E","3D","3I","3F","3L","3K"
"32","C,D,E,F,H,J,K,L","A,B,G,I","3C","3J","3E","3D","3H","3F","3L","3K"
"33","C,D,E,F,H,I,K,L","A,B,G,J","3C","3E","3I","3D","3H","3F","3L","3K"
"34","C,D,E,F,H,I,J,L","A,B,G,K","3C","3J","3E","3D","3H","3F","3L","3I"
"35","C,D,E,F,H,I,J,K","A,B,G,L","3C","3J","3E","3D","3H","3F","3I","3K"
"36","C,D,E,F,G,J,K,L","A,B,H,I","3C","3G","3E","3D","3J","3F","3L","3K"
"37","C,D,E,F,G,I,K,L","A,B,H,J","3C","3G","3E","3D","3I","3F","3L","3K"
"38","C,D,E,F,G,I,J,L","A,B,H,K","3C","3G","3E","3D","3J","3F","3L","3I"
"39","C,D,E,F,G,I,J,K","A,B,H,L","3C","3G","3E","3D","3J","3F","3I","3K"
"40","C,D,E,F,G,H,K,L","A,B,I,J","3C","3G","3E","3D","3H","3F","3L","3K"
"41","C,D,E,F,G,H,J,L","A,B,I,K","3C","3G","3J","3D","3H","3F","3L","3E"
"42","C,D,E,F,G,H,J,K","A,B,I,L","3C","3G","3J","3D","3H","3F","3E","3K"
"43","C,D,E,F,G,H,I,L","A,B,J,K","3C","3G","3E","3D","3H","3F","3L","3I"
"44","C,D,E,F,G,H,I,K","A,B,J,L","3C","3G","3E","3D","3H","3F","3I","3K"
"45","C,D,E,F,G,H,I,J","A,B,K,L","3C","3G","3J","3D","3H","3F","3E","3I"
"46","B,F,G,H,I,J,K,L","A,C,D,E","3H","3J","3B","3F","3I","3G","3L","3K"
"47","B,E,G,H,I,J,K,L","A,C,D,F","3E","3J","3I","3B","3H","3G","3L","3K"
"48","B,E,F,H,I,J,K,L","A,C,D,G","3E","3J","3B","3F","3I","3H","3L","3K"
"49","B,E,F,G,I,J,K,L","A,C,D,H","3E","3J","3B","3F","3I","3G","3L","3K"
"50","B,E,F,G,H,J,K,L","A,C,D,I","3E","3J","3B","3F","3H","3G","3L","3K"
"51","B,E,F,G,H,I,K,L","A,C,D,J","3E","3G","3B","3F","3I","3H","3L","3K"
"52","B,E,F,G,H,I,J,L","A,C,D,K","3E","3J","3B","3F","3H","3G","3L","3I"
"53","B,E,F,G,H,I,J,K","A,C,D,L","3E","3J","3B","3F","3H","3G","3I","3K"
"54","B,D,G,H,I,J,K,L","A,C,E,F","3H","3J","3B","3D","3I","3G","3L","3K"
"55","B,D,F,H,I,J,K,L","A,C,E,G","3H","3J","3B","3D","3I","3F","3L","3K"
"56","B,D,F,G,I,J,K,L","A,C,E,H","3I","3G","3B","3D","3J","3F","3L","3K"
"57","B,D,F,G,H,J,K,L","A,C,E,I","3H","3G","3B","3D","3J","3F","3L","3K"
"58","B,D,F,G,H,I,K,L","A,C,E,J","3H","3G","3B","3D","3I","3F","3L","3K"
"59","B,D,F,G,H,I,J,L","A,C,E,K","3H","3G","3B","3D","3J","3F","3L","3I"
"60","B,D,F,G,H,I,J,K","A,C,E,L","3H","3G","3B","3D","3J","3F","3I","3K"
"61","B,D,E,H,I,J,K,L","A,C,F,G","3E","3J","3B","3D","3I","3H","3L","3K"
"62","B,D,E,G,I,J,K,L","A,C,F,H","3E","3J","3B","3D","3I","3G","3L","3K"
"63","B,D,E,G,H,J,K,L","A,C,F,I","3E","3J","3B","3D","3H","3G","3L","3K"
"64","B,D,E,G,H,I,K,L","A,C,F,J","3E","3G","3B","3D","3I","3H","3L","3K"
"65","B,D,E,G,H,I,J,L","A,C,F,K","3E","3J","3B","3D","3H","3G","3L","3I"
"66","B,D,E,G,H,I,J,K","A,C,F,L","3E","3J","3B","3D","3H","3G","3I","3K"
"67","B,D,E,F,I,J,K,L","A,C,G,H","3E","3J","3B","3D","3I","3F","3L","3K"
"68","B,D,E,F,H,J,K,L","A,C,G,I","3E","3J","3B","3D","3H","3F","3L","3K"
"69","B,D,E,F,H,I,K,L","A,C,G,J","3E","3I","3B","3D","3H","3F","3L","3K"
"70","B,D,E,F,H,I,J,L","A,C,G,K","3E","3J","3B","3D","3H","3F","3L","3I"
"71","B,D,E,F,H,I,J,K","A,C,G,L","3E","3J","3B","3D","3H","3F","3I","3K"
"72","B,D,E,F,G,J,K,L","A,C,H,I","3E","3G","3B","3D","3J","3F","3L","3K"
"73","B,D,E,F,G,I,K,L","A,C,H,J","3E","3G","3B","3D","3I","3F","3L","3K"
"74","B,D,E,F,G,I,J,L","A,C,H,K","3E","3G","3B","3D","3J","3F","3L","3I"
"75","B,D,E,F,G,I,J,K","A,C,H,L","3E","3G","3B","3D","3J","3F","3I","3K"
"76","B,D,E,F,G,H,K,L","A,C,I,J","3E","3G","3B","3D","3H","3F","3L","3K"
"77","B,D,E,F,G,H,J,L","A,C,I,K","3H","3G","3B","3D","3J","3F","3L","3E"
"78","B,D,E,F,G,H,J,K","A,C,I,L","3H","3G","3B","3D","3J","3F","3E","3K"
"79","B,D,E,F,G,H,I,L","A,C,J,K","3E","3G","3B","3D","3H","3F","3L","3I"
"80","B,D,E,F,G,H,I,K","A,C,J,L","3E","3G","3B","3D","3H","3F","3I","3K"
"81","B,D,E,F,G,H,I,J","A,C,K,L","3H","3G","3B","3D","3J","3F","3E","3I"
"82","B,C,G,H,I,J,K,L","A,D,E,F","3H","3J","3B","3C","3I","3G","3L","3K"
"83","B,C,F,H,I,J,K,L","A,D,E,G","3H","3J","3B","3C","3I","3F","3L","3K"
"84","B,C,F,G,I,J,K,L","A,D,E,H","3I","3G","3B","3C","3J","3F","3L","3K"
"85","B,C,F,G,H,J,K,L","A,D,E,I","3H","3G","3B","3C","3J","3F","3L","3K"
"86","B,C,F,G,H,I,K,L","A,D,E,J","3H","3G","3B","3C","3I","3F","3L","3K"
"87","B,C,F,G,H,I,J,L","A,D,E,K","3H","3G","3B","3C","3J","3F","3L","3I"
"88","B,C,F,G,H,I,J,K","A,D,E,L","3H","3G","3B","3C","3J","3F","3I","3K"
"89","B,C,E,H,I,J,K,L","A,D,F,G","3E","3J","3B","3C","3I","3H","3L","3K"
"90","B,C,E,G,I,J,K,L","A,D,F,H","3E","3J","3B","3C","3I","3G","3L","3K"
"91","B,C,E,G,H,J,K,L","A,D,F,I","3E","3J","3B","3C","3H","3G","3L","3K"
"92","B,C,E,G,H,I,K,L","A,D,F,J","3E","3G","3B","3C","3I","3H","3L","3K"
"93","B,C,E,G,H,I,J,L","A,D,F,K","3E","3J","3B","3C","3H","3G","3L","3I"
"94","B,C,E,G,H,I,J,K","A,D,F,L","3E","3J","3B","3C","3H","3G","3I","3K"
"95","B,C,E,F,I,J,K,L","A,D,G,H","3E","3J","3B","3C","3I","3F","3L","3K"
"96","B,C,E,F,H,J,K,L","A,D,G,I","3E","3J","3B","3C","3H","3F","3L","3K"
"97","B,C,E,F,H,I,K,L","A,D,G,J","3E","3I","3B","3C","3H","3F","3L","3K"
"98","B,C,E,F,H,I,J,L","A,D,G,K","3E","3J","3B","3C","3H","3F","3L","3I"
"99","B,C,E,F,H,I,J,K","A,D,G,L","3E","3J","3B","3C","3H","3F","3I","3K"
"100","B,C,E,F,G,J,K,L","A,D,H,I","3E","3G","3B","3C","3J","3F","3L","3K"
"101","B,C,E,F,G,I,K,L","A,D,H,J","3E","3G","3B","3C","3I","3F","3L","3K"
"102","B,C,E,F,G,I,J,L","A,D,H,K","3E","3G","3B","3C","3J","3F","3L","3I"
"103","B,C,E,F,G,I,J,K","A,D,H,L","3E","3G","3B","3C","3J","3F","3I","3K"
"104","B,C,E,F,G,H,K,L","A,D,I,J","3E","3G","3B","3C","3H","3F","3L","3K"
"105","B,C,E,F,G,H,J,L","A,D,I,K","3H","3G","3B","3C","3J","3F","3L","3E"
"106","B,C,E,F,G,H,J,K","A,D,I,L","3H","3G","3B","3C","3J","3F","3E","3K"
"107","B,C,E,F,G,H,I,L","A,D,J,K","3E","3G","3B","3C","3H","3F","3L","3I"
"108","B,C,E,F,G,H,I,K","A,D,J,L","3E","3G","3B","3C","3H","3F","3I","3K"
"109","B,C,E,F,G,H,I,J","A,D,K,L","3H","3G","3B","3C","3J","3F","3E","3I"
"110","B,C,D,H,I,J,K,L","A,E,F,G","3H","3J","3B","3C","3I","3D","3L","3K"
"111","B,C,D,G,I,J,K,L","A,E,F,H","3I","3G","3B","3C","3J","3D","3L","3K"
"112","B,C,D,G,H,J,K,L","A,E,F,I","3H","3G","3B","3C","3J","3D","3L","3K"
"113","B,C,D,G,H,I,K,L","A,E,F,J","3H","3G","3B","3C","3I","3D","3L","3K"
"114","B,C,D,G,H,I,J,L","A,E,F,K","3H","3G","3B","3C","3J","3D","3L","3I"
"115","B,C,D,G,H,I,J,K","A,E,F,L","3H","3G","3B","3C","3J","3D","3I","3K"
"116","B,C,D,F,I,J,K,L","A,E,G,H","3C","3J","3B","3D","3I","3F","3L","3K"
"117","B,C,D,F,H,J,K,L","A,E,G,I","3C","3J","3B","3D","3H","3F","3L","3K"
"118","B,C,D,F,H,I,K,L","A,E,G,J","3C","3I","3B","3D","3H","3F","3L","3K"
"119","B,C,D,F,H,I,J,L","A,E,G,K","3C","3J","3B","3D","3H","3F","3L","3I"
"120","B,C,D,F,H,I,J,K","A,E,G,L","3C","3J","3B","3D","3H","3F","3I","3K"
"121","B,C,D,F,G,J,K,L","A,E,H,I","3C","3G","3B","3D","3J","3F","3L","3K"
"122","B,C,D,F,G,I,K,L","A,E,H,J","3C","3G","3B","3D","3I","3F","3L","3K"
"123","B,C,D,F,G,I,J,L","A,E,H,K","3C","3G","3B","3D","3J","3F","3L","3I"
"124","B,C,D,F,G,I,J,K","A,E,H,L","3C","3G","3B","3D","3J","3F","3I","3K"
"125","B,C,D,F,G,H,K,L","A,E,I,J","3C","3G","3B","3D","3H","3F","3L","3K"
"126","B,C,D,F,G,H,J,L","A,E,I,K","3C","3G","3B","3D","3H","3F","3L","3J"
"127","B,C,D,F,G,H,J,K","A,E,I,L","3H","3G","3B","3C","3J","3F","3D","3K"
"128","B,C,D,F,G,H,I,L","A,E,J,K","3C","3G","3B","3D","3H","3F","3L","3I"
"129","B,C,D,F,G,H,I,K","A,E,J,L","3C","3G","3B","3D","3H","3F","3I","3K"
"130","B,C,D,F,G,H,I,J","A,E,K,L","3H","3G","3B","3C","3J","3F","3D","3I"
"131","B,C,D,E,I,J,K,L","A,F,G,H","3E","3J","3B","3C","3I","3D","3L","3K"
"132","B,C,D,E,H,J,K,L","A,F,G,I","3E","3J","3B","3C","3H","3D","3L","3K"
"133","B,C,D,E,H,I,K,L","A,F,G,J","3E","3I","3B","3C","3H","3D","3L","3K"
"134","B,C,D,E,H,I,J,L","A,F,G,K","3E","3J","3B","3C","3H","3D","3L","3I"
"135","B,C,D,E,H,I,J,K","A,F,G,L","3E","3J","3B","3C","3H","3D","3I","3K"
"136","B,C,D,E,G,J,K,L","A,F,H,I","3E","3G","3B","3C","3J","3D","3L","3K"
"137","B,C,D,E,G,I,K,L","A,F,H,J","3E","3G","3B","3C","3I","3D","3L","3K"
"138","B,C,D,E,G,I,J,L","A,F,H,K","3E","3G","3B","3C","3J","3D","3L","3I"
"139","B,C,D,E,G,I,J,K","A,F,H,L","3E","3G","3B","3C","3J","3D","3I","3K"
"140","B,C,D,E,G,H,K,L","A,F,I,J","3E","3G","3B","3C","3H","3D","3L","3K"
"141","B,C,D,E,G,H,J,L","A,F,I,K","3H","3G","3B","3C","3J","3D","3L","3E"
"142","B,C,D,E,G,H,J,K","A,F,I,L","3H","3G","3B","3C","3J","3D","3E","3K"
"143","B,C,D,E,G,H,I,L","A,F,J,K","3E","3G","3B","3C","3H","3D","3L","3I"
"144","B,C,D,E,G,H,I,K","A,F,J,L","3E","3G","3B","3C","3H","3D","3I","3K"
"145","B,C,D,E,G,H,I,J","A,F,K,L","3H","3G","3B","3C","3J","3D","3E","3I"
"146","B,C,D,E,F,J,K,L","A,G,H,I","3C","3J","3B","3D","3E","3F","3L","3K"
"147","B,C,D,E,F,I,K,L","A,G,H,J","3C","3E","3B","3D","3I","3F","3L","3K"
"148","B,C,D,E,F,I,J,L","A,G,H,K","3C","3J","3B","3D","3E","3F","3L","3I"
"149","B,C,D,E,F,I,J,K","A,G,H,L","3C","3J","3B","3D","3E","3F","3I","3K"
"150","B,C,D,E,F,H,K,L","A,G,I,J","3C","3E","3B","3D","3H","3F","3L","3K"
"151","B,C,D,E,F,H,J,L","A,G,I,K","3C","3J","3B","3D","3H","3F","3L","3E"
"152","B,C,D,E,F,H,J,K","A,G,I,L","3C","3J","3B","3D","3H","3F","3E","3K"
"153","B,C,D,E,F,H,I,L","A,G,J,K","3C","3E","3B","3D","3H","3F","3L","3I"
"154","B,C,D,E,F,H,I,K","A,G,J,L","3C","3E","3B","3D","3H","3F","3I","3K"
"155","B,C,D,E,F,H,I,J","A,G,K,L","3C","3J","3B","3D","3H","3F","3E","3I"
"156","B,C,D,E,F,G,K,L","A,H,I,J","3C","3G","3B","3D","3E","3F","3L","3K"
"157","B,C,D,E,F,G,J,L","A,H,I,K","3C","3G","3B","3D","3J","3F","3L","3E"
"158","B,C,D,E,F,G,J,K","A,H,I,L","3C","3G","3B","3D","3J","3F","3E","3K"
"159","B,C,D,E,F,G,I,L","A,H,J,K","3C","3G","3B","3D","3E","3F","3L","3I"
"160","B,C,D,E,F,G,I,K","A,H,J,L","3C","3G","3B","3D","3E","3F","3I","3K"
"161","B,C,D,E,F,G,I,J","A,H,K,L","3C","3G","3B","3D","3J","3F","3E","3I"
"162","B,C,D,E,F,G,H,L","A,I,J,K","3C","3G","3B","3D","3H","3F","3L","3E"
"163","B,C,D,E,F,G,H,K","A,I,J,L","3C","3G","3B","3D","3H","3F","3E","3K"
"164","B,C,D,E,F,G,H,J","A,I,K,L","3H","3G","3B","3C","3J","3F","3D","3E"
"165","B,C,D,E,F,G,H,I","A,J,K,L","3C","3G","3B","3D","3H","3F","3E","3I"
"166","A,F,G,H,I,J,K,L","B,C,D,E","3H","3J","3I","3F","3A","3G","3L","3K"
"167","A,E,G,H,I,J,K,L","B,C,D,F","3E","3J","3I","3A","3H","3G","3L","3K"
"168","A,E,F,H,I,J,K,L","B,C,D,G","3E","3J","3I","3F","3A","3H","3L","3K"
"169","A,E,F,G,I,J,K,L","B,C,D,H","3E","3J","3I","3F","3A","3G","3L","3K"
"170","A,E,F,G,H,J,K,L","B,C,D,I","3E","3G","3J","3F","3A","3H","3L","3K"
"171","A,E,F,G,H,I,K,L","B,C,D,J","3E","3G","3I","3F","3A","3H","3L","3K"
"172","A,E,F,G,H,I,J,L","B,C,D,K","3E","3G","3J","3F","3A","3H","3L","3I"
"173","A,E,F,G,H,I,J,K","B,C,D,L","3E","3G","3J","3F","3A","3H","3I","3K"
"174","A,D,G,H,I,J,K,L","B,C,E,F","3H","3J","3I","3D","3A","3G","3L","3K"
"175","A,D,F,H,I,J,K,L","B,C,E,G","3H","3J","3I","3D","3A","3F","3L","3K"
"176","A,D,F,G,I,J,K,L","B,C,E,H","3I","3G","3J","3D","3A","3F","3L","3K"
"177","A,D,F,G,H,J,K,L","B,C,E,I","3H","3G","3J","3D","3A","3F","3L","3K"
"178","A,D,F,G,H,I,K,L","B,C,E,J","3H","3G","3I","3D","3A","3F","3L","3K"
"179","A,D,F,G,H,I,J,L","B,C,E,K","3H","3G","3J","3D","3A","3F","3L","3I"
"180","A,D,F,G,H,I,J,K","B,C,E,L","3H","3G","3J","3D","3A","3F","3I","3K"
"181","A,D,E,H,I,J,K,L","B,C,F,G","3E","3J","3I","3D","3A","3H","3L","3K"
"182","A,D,E,G,I,J,K,L","B,C,F,H","3E","3J","3I","3D","3A","3G","3L","3K"
"183","A,D,E,G,H,J,K,L","B,C,F,I","3E","3G","3J","3D","3A","3H","3L","3K"
"184","A,D,E,G,H,I,K,L","B,C,F,J","3E","3G","3I","3D","3A","3H","3L","3K"
"185","A,D,E,G,H,I,J,L","B,C,F,K","3E","3G","3J","3D","3A","3H","3L","3I"
"186","A,D,E,G,H,I,J,K","B,C,F,L","3E","3G","3J","3D","3A","3H","3I","3K"
"187","A,D,E,F,I,J,K,L","B,C,G,H","3E","3J","3I","3D","3A","3F","3L","3K"
"188","A,D,E,F,H,J,K,L","B,C,G,I","3H","3J","3E","3D","3A","3F","3L","3K"
"189","A,D,E,F,H,I,K,L","B,C,G,J","3H","3E","3I","3D","3A","3F","3L","3K"
"190","A,D,E,F,H,I,J,L","B,C,G,K","3H","3J","3E","3D","3A","3F","3L","3I"
"191","A,D,E,F,H,I,J,K","B,C,G,L","3H","3J","3E","3D","3A","3F","3I","3K"
"192","A,D,E,F,G,J,K,L","B,C,H,I","3E","3G","3J","3D","3A","3F","3L","3K"
"193","A,D,E,F,G,I,K,L","B,C,H,J","3E","3G","3I","3D","3A","3F","3L","3K"
"194","A,D,E,F,G,I,J,L","B,C,H,K","3E","3G","3J","3D","3A","3F","3L","3I"
"195","A,D,E,F,G,I,J,K","B,C,H,L","3E","3G","3J","3D","3A","3F","3I","3K"
"196","A,D,E,F,G,H,K,L","B,C,I,J","3H","3G","3E","3D","3A","3F","3L","3K"
"197","A,D,E,F,G,H,J,L","B,C,I,K","3H","3G","3J","3D","3A","3F","3L","3E"
"198","A,D,E,F,G,H,J,K","B,C,I,L","3H","3G","3J","3D","3A","3F","3E","3K"
"199","A,D,E,F,G,H,I,L","B,C,J,K","3H","3G","3E","3D","3A","3F","3L","3I"
"200","A,D,E,F,G,H,I,K","B,C,J,L","3H","3G","3E","3D","3A","3F","3I","3K"
"201","A,D,E,F,G,H,I,J","B,C,K,L","3H","3G","3J","3D","3A","3F","3E","3I"
"202","A,C,G,H,I,J,K,L","B,D,E,F","3H","3J","3I","3C","3A","3G","3L","3K"
"203","A,C,F,H,I,J,K,L","B,D,E,G","3H","3J","3I","3C","3A","3F","3L","3K"
"204","A,C,F,G,I,J,K,L","B,D,E,H","3I","3G","3J","3C","3A","3F","3L","3K"
"205","A,C,F,G,H,J,K,L","B,D,E,I","3H","3G","3J","3C","3A","3F","3L","3K"
"206","A,C,F,G,H,I,K,L","B,D,E,J","3H","3G","3I","3C","3A","3F","3L","3K"
"207","A,C,F,G,H,I,J,L","B,D,E,K","3H","3G","3J","3C","3A","3F","3L","3I"
"208","A,C,F,G,H,I,J,K","B,D,E,L","3H","3G","3J","3C","3A","3F","3I","3K"
"209","A,C,E,H,I,J,K,L","B,D,F,G","3E","3J","3I","3C","3A","3H","3L","3K"
"210","A,C,E,G,I,J,K,L","B,D,F,H","3E","3J","3I","3C","3A","3G","3L","3K"
"211","A,C,E,G,H,J,K,L","B,D,F,I","3E","3G","3J","3C","3A","3H","3L","3K"
"212","A,C,E,G,H,I,K,L","B,D,F,J","3E","3G","3I","3C","3A","3H","3L","3K"
"213","A,C,E,G,H,I,J,L","B,D,F,K","3E","3G","3J","3C","3A","3H","3L","3I"
"214","A,C,E,G,H,I,J,K","B,D,F,L","3E","3G","3J","3C","3A","3H","3I","3K"
"215","A,C,E,F,I,J,K,L","B,D,G,H","3E","3J","3I","3C","3A","3F","3L","3K"
"216","A,C,E,F,H,J,K,L","B,D,G,I","3H","3J","3E","3C","3A","3F","3L","3K"
"217","A,C,E,F,H,I,K,L","B,D,G,J","3H","3E","3I","3C","3A","3F","3L","3K"
"218","A,C,E,F,H,I,J,L","B,D,G,K","3H","3J","3E","3C","3A","3F","3L","3I"
"219","A,C,E,F,H,I,J,K","B,D,G,L","3H","3J","3E","3C","3A","3F","3I","3K"
"220","A,C,E,F,G,J,K,L","B,D,H,I","3E","3G","3J","3C","3A","3F","3L","3K"
"221","A,C,E,F,G,I,K,L","B,D,H,J","3E","3G","3I","3C","3A","3F","3L","3K"
"222","A,C,E,F,G,I,J,L","B,D,H,K","3E","3G","3J","3C","3A","3F","3L","3I"
"223","A,C,E,F,G,I,J,K","B,D,H,L","3E","3G","3J","3C","3A","3F","3I","3K"
"224","A,C,E,F,G,H,K,L","B,D,I,J","3H","3G","3E","3C","3A","3F","3L","3K"
"225","A,C,E,F,G,H,J,L","B,D,I,K","3H","3G","3J","3C","3A","3F","3L","3E"
"226","A,C,E,F,G,H,J,K","B,D,I,L","3H","3G","3J","3C","3A","3F","3E","3K"
"227","A,C,E,F,G,H,I,L","B,D,J,K","3H","3G","3E","3C","3A","3F","3L","3I"
"228","A,C,E,F,G,H,I,K","B,D,J,L","3H","3G","3E","3C","3A","3F","3I","3K"
"229","A,C,E,F,G,H,I,J","B,D,K,L","3H","3G","3J","3C","3A","3F","3E","3I"
"230","A,C,D,H,I,J,K,L","B,E,F,G","3H","3J","3I","3C","3A","3D","3L","3K"
"231","A,C,D,G,I,J,K,L","B,E,F,H","3I","3G","3J","3C","3A","3D","3L","3K"
"232","A,C,D,G,H,J,K,L","B,E,F,I","3H","3G","3J","3C","3A","3D","3L","3K"
"233","A,C,D,G,H,I,K,L","B,E,F,J","3H","3G","3I","3C","3A","3D","3L","3K"
"234","A,C,D,G,H,I,J,L","B,E,F,K","3H","3G","3J","3C","3A","3D","3L","3I"
"235","A,C,D,G,H,I,J,K","B,E,F,L","3H","3G","3J","3C","3A","3D","3I","3K"
"236","A,C,D,F,I,J,K,L","B,E,G,H","3C","3J","3I","3D","3A","3F","3L","3K"
"237","A,C,D,F,H,J,K,L","B,E,G,I","3H","3J","3F","3C","3A","3D","3L","3K"
"238","A,C,D,F,H,I,K,L","B,E,G,J","3H","3F","3I","3C","3A","3D","3L","3K"
"239","A,C,D,F,H,I,J,L","B,E,G,K","3H","3J","3F","3C","3A","3D","3L","3I"
"240","A,C,D,F,H,I,J,K","B,E,G,L","3H","3J","3F","3C","3A","3D","3I","3K"
"241","A,C,D,F,G,J,K,L","B,E,H,I","3C","3G","3J","3D","3A","3F","3L","3K"
"242","A,C,D,F,G,I,K,L","B,E,H,J","3C","3G","3I","3D","3A","3F","3L","3K"
"243","A,C,D,F,G,I,J,L","B,E,H,K","3C","3G","3J","3D","3A","3F","3L","3I"
"244","A,C,D,F,G,I,J,K","B,E,H,L","3C","3G","3J","3D","3A","3F","3I","3K"
"245","A,C,D,F,G,H,K,L","B,E,I,J","3H","3G","3F","3C","3A","3D","3L","3K"
"246","A,C,D,F,G,H,J,L","B,E,I,K","3C","3G","3J","3D","3A","3F","3L","3H"
"247","A,C,D,F,G,H,J,K","B,E,I,L","3H","3G","3J","3C","3A","3F","3D","3K"
"248","A,C,D,F,G,H,I,L","B,E,J,K","3H","3G","3F","3C","3A","3D","3L","3I"
"249","A,C,D,F,G,H,I,K","B,E,J,L","3H","3G","3F","3C","3A","3D","3I","3K"
"250","A,C,D,F,G,H,I,J","B,E,K,L","3H","3G","3J","3C","3A","3F","3D","3I"
"251","A,C,D,E,I,J,K,L","B,F,G,H","3E","3J","3I","3C","3A","3D","3L","3K"
"252","A,C,D,E,H,J,K,L","B,F,G,I","3H","3J","3E","3C","3A","3D","3L","3K"
"253","A,C,D,E,H,I,K,L","B,F,G,J","3H","3E","3I","3C","3A","3D","3L","3K"
"254","A,C,D,E,H,I,J,L","B,F,G,K","3H","3J","3E","3C","3A","3D","3L","3I"
"255","A,C,D,E,H,I,J,K","B,F,G,L","3H","3J","3E","3C","3A","3D","3I","3K"
"256","A,C,D,E,G,J,K,L","B,F,H,I","3E","3G","3J","3C","3A","3D","3L","3K"
"257","A,C,D,E,G,I,K,L","B,F,H,J","3E","3G","3I","3C","3A","3D","3L","3K"
"258","A,C,D,E,G,I,J,L","B,F,H,K","3E","3G","3J","3C","3A","3D","3L","3I"
"259","A,C,D,E,G,I,J,K","B,F,H,L","3E","3G","3J","3C","3A","3D","3I","3K"
"260","A,C,D,E,G,H,K,L","B,F,I,J","3H","3G","3E","3C","3A","3D","3L","3K"
"261","A,C,D,E,G,H,J,L","B,F,I,K","3H","3G","3J","3C","3A","3D","3L","3E"
"262","A,C,D,E,G,H,J,K","B,F,I,L","3H","3G","3J","3C","3A","3D","3E","3K"
"263","A,C,D,E,G,H,I,L","B,F,J,K","3H","3G","3E","3C","3A","3D","3L","3I"
"264","A,C,D,E,G,H,I,K","B,F,J,L","3H","3G","3E","3C","3A","3D","3I","3K"
"265","A,C,D,E,G,H,I,J","B,F,K,L","3H","3G","3J","3C","3A","3D","3E","3I"
"266","A,C,D,E,F,J,K,L","B,G,H,I","3C","3J","3E","3D","3A","3F","3L","3K"
"267","A,C,D,E,F,I,K,L","B,G,H,J","3C","3E","3I","3D","3A","3F","3L","3K"
"268","A,C,D,E,F,I,J,L","B,G,H,K","3C","3J","3E","3D","3A","3F","3L","3I"
"269","A,C,D,E,F,I,J,K","B,G,H,L","3C","3J","3E","3D","3A","3F","3I","3K"
"270","A,C,D,E,F,H,K,L","B,G,I,J","3H","3E","3F","3C","3A","3D","3L","3K"
"271","A,C,D,E,F,H,J,L","B,G,I,K","3H","3J","3F","3C","3A","3D","3L","3E"
"272","A,C,D,E,F,H,J,K","B,G,I,L","3H","3J","3E","3C","3A","3F","3D","3K"
"273","A,C,D,E,F,H,I,L","B,G,J,K","3H","3E","3F","3C","3A","3D","3L","3I"
"274","A,C,D,E,F,H,I,K","B,G,J,L","3H","3E","3F","3C","3A","3D","3I","3K"
"275","A,C,D,E,F,H,I,J","B,G,K,L","3H","3J","3E","3C","3A","3F","3D","3I"
"276","A,C,D,E,F,G,K,L","B,H,I,J","3C","3G","3E","3D","3A","3F","3L","3K"
"277","A,C,D,E,F,G,J,L","B,H,I,K","3C","3G","3J","3D","3A","3F","3L","3E"
"278","A,C,D,E,F,G,J,K","B,H,I,L","3C","3G","3J","3D","3A","3F","3E","3K"
"279","A,C,D,E,F,G,I,L","B,H,J,K","3C","3G","3E","3D","3A","3F","3L","3I"
"280","A,C,D,E,F,G,I,K","B,H,J,L","3C","3G","3E","3D","3A","3F","3I","3K"
"281","A,C,D,E,F,G,I,J","B,H,K,L","3C","3G","3J","3D","3A","3F","3E","3I"
"282","A,C,D,E,F,G,H,L","B,I,J,K","3H","3G","3F","3C","3A","3D","3L","3E"
"283","A,C,D,E,F,G,H,K","B,I,J,L","3H","3G","3E","3C","3A","3F","3D","3K"
"284","A,C,D,E,F,G,H,J","B,I,K,L","3H","3G","3J","3C","3A","3F","3D","3E"
"285","A,C,D,E,F,G,H,I","B,J,K,L","3H","3G","3E","3C","3A","3F","3D","3I"
"286","A,B,G,H,I,J,K,L","C,D,E,F","3H","3J","3B","3A","3I","3G","3L","3K"
"287","A,B,F,H,I,J,K,L","C,D,E,G","3H","3J","3B","3A","3I","3F","3L","3K"
"288","A,B,F,G,I,J,K,L","C,D,E,H","3I","3J","3B","3F","3A","3G","3L","3K"
"289","A,B,F,G,H,J,K,L","C,D,E,I","3H","3J","3B","3F","3A","3G","3L","3K"
"290","A,B,F,G,H,I,K,L","C,D,E,J","3H","3G","3B","3A","3I","3F","3L","3K"
"291","A,B,F,G,H,I,J,L","C,D,E,K","3H","3J","3B","3F","3A","3G","3L","3I"
"292","A,B,F,G,H,I,J,K","C,D,E,L","3H","3J","3B","3F","3A","3G","3I","3K"
"293","A,B,E,H,I,J,K,L","C,D,F,G","3E","3J","3B","3A","3I","3H","3L","3K"
"294","A,B,E,G,I,J,K,L","C,D,F,H","3E","3J","3B","3A","3I","3G","3L","3K"
"295","A,B,E,G,H,J,K,L","C,D,F,I","3E","3J","3B","3A","3H","3G","3L","3K"
"296","A,B,E,G,H,I,K,L","C,D,F,J","3E","3G","3B","3A","3I","3H","3L","3K"
"297","A,B,E,G,H,I,J,L","C,D,F,K","3E","3J","3B","3A","3H","3G","3L","3I"
"298","A,B,E,G,H,I,J,K","C,D,F,L","3E","3J","3B","3A","3H","3G","3I","3K"
"299","A,B,E,F,I,J,K,L","C,D,G,H","3E","3J","3B","3A","3I","3F","3L","3K"
"300","A,B,E,F,H,J,K,L","C,D,G,I","3E","3J","3B","3F","3A","3H","3L","3K"
"301","A,B,E,F,H,I,K,L","C,D,G,J","3E","3I","3B","3F","3A","3H","3L","3K"
"302","A,B,E,F,H,I,J,L","C,D,G,K","3E","3J","3B","3F","3A","3H","3L","3I"
"303","A,B,E,F,H,I,J,K","C,D,G,L","3E","3J","3B","3F","3A","3H","3I","3K"
"304","A,B,E,F,G,J,K,L","C,D,H,I","3E","3J","3B","3F","3A","3G","3L","3K"
"305","A,B,E,F,G,I,K,L","C,D,H,J","3E","3G","3B","3A","3I","3F","3L","3K"
"306","A,B,E,F,G,I,J,L","C,D,H,K","3E","3J","3B","3F","3A","3G","3L","3I"
"307","A,B,E,F,G,I,J,K","C,D,H,L","3E","3J","3B","3F","3A","3G","3I","3K"
"308","A,B,E,F,G,H,K,L","C,D,I,J","3E","3G","3B","3F","3A","3H","3L","3K"
"309","A,B,E,F,G,H,J,L","C,D,I,K","3H","3J","3B","3F","3A","3G","3L","3E"
"310","A,B,E,F,G,H,J,K","C,D,I,L","3H","3J","3B","3F","3A","3G","3E","3K"
"311","A,B,E,F,G,H,I,L","C,D,J,K","3E","3G","3B","3F","3A","3H","3L","3I"
"312","A,B,E,F,G,H,I,K","C,D,J,L","3E","3G","3B","3F","3A","3H","3I","3K"
"313","A,B,E,F,G,H,I,J","C,D,K,L","3H","3J","3B","3F","3A","3G","3E","3I"
"314","A,B,D,H,I,J,K,L","C,E,F,G","3I","3J","3B","3D","3A","3H","3L","3K"
"315","A,B,D,G,I,J,K,L","C,E,F,H","3I","3J","3B","3D","3A","3G","3L","3K"
"316","A,B,D,G,H,J,K,L","C,E,F,I","3H","3J","3B","3D","3A","3G","3L","3K"
"317","A,B,D,G,H,I,K,L","C,E,F,J","3I","3G","3B","3D","3A","3H","3L","3K"
"318","A,B,D,G,H,I,J,L","C,E,F,K","3H","3J","3B","3D","3A","3G","3L","3I"
"319","A,B,D,G,H,I,J,K","C,E,F,L","3H","3J","3B","3D","3A","3G","3I","3K"
"320","A,B,D,F,I,J,K,L","C,E,G,H","3I","3J","3B","3D","3A","3F","3L","3K"
"321","A,B,D,F,H,J,K,L","C,E,G,I","3H","3J","3B","3D","3A","3F","3L","3K"
"322","A,B,D,F,H,I,K,L","C,E,G,J","3H","3I","3B","3D","3A","3F","3L","3K"
"323","A,B,D,F,H,I,J,L","C,E,G,K","3H","3J","3B","3D","3A","3F","3L","3I"
"324","A,B,D,F,H,I,J,K","C,E,G,L","3H","3J","3B","3D","3A","3F","3I","3K"
"325","A,B,D,F,G,J,K,L","C,E,H,I","3F","3J","3B","3D","3A","3G","3L","3K"
"326","A,B,D,F,G,I,K,L","C,E,H,J","3I","3G","3B","3D","3A","3F","3L","3K"
"327","A,B,D,F,G,I,J,L","C,E,H,K","3F","3J","3B","3D","3A","3G","3L","3I"
"328","A,B,D,F,G,I,J,K","C,E,H,L","3F","3J","3B","3D","3A","3G","3I","3K"
"329","A,B,D,F,G,H,K,L","C,E,I,J","3H","3G","3B","3D","3A","3F","3L","3K"
"330","A,B,D,F,G,H,J,L","C,E,I,K","3H","3G","3B","3D","3A","3F","3L","3J"
"331","A,B,D,F,G,H,J,K","C,E,I,L","3H","3G","3B","3D","3A","3F","3J","3K"
"332","A,B,D,F,G,H,I,L","C,E,J,K","3H","3G","3B","3D","3A","3F","3L","3I"
"333","A,B,D,F,G,H,I,K","C,E,J,L","3H","3G","3B","3D","3A","3F","3I","3K"
"334","A,B,D,F,G,H,I,J","C,E,K,L","3H","3G","3B","3D","3A","3F","3I","3J"
"335","A,B,D,E,I,J,K,L","C,F,G,H","3E","3J","3B","3A","3I","3D","3L","3K"
"336","A,B,D,E,H,J,K,L","C,F,G,I","3E","3J","3B","3D","3A","3H","3L","3K"
"337","A,B,D,E,H,I,K,L","C,F,G,J","3E","3I","3B","3D","3A","3H","3L","3K"
"338","A,B,D,E,H,I,J,L","C,F,G,K","3E","3J","3B","3D","3A","3H","3L","3I"
"339","A,B,D,E,H,I,J,K","C,F,G,L","3E","3J","3B","3D","3A","3H","3I","3K"
"340","A,B,D,E,G,J,K,L","C,F,H,I","3E","3J","3B","3D","3A","3G","3L","3K"
"341","A,B,D,E,G,I,K,L","C,F,H,J","3E","3G","3B","3A","3I","3D","3L","3K"
"342","A,B,D,E,G,I,J,L","C,F,H,K","3E","3J","3B","3D","3A","3G","3L","3I"
"343","A,B,D,E,G,I,J,K","C,F,H,L","3E","3J","3B","3D","3A","3G","3I","3K"
"344","A,B,D,E,G,H,K,L","C,F,I,J","3E","3G","3B","3D","3A","3H","3L","3K"
"345","A,B,D,E,G,H,J,L","C,F,I,K","3H","3J","3B","3D","3A","3G","3L","3E"
"346","A,B,D,E,G,H,J,K","C,F,I,L","3H","3J","3B","3D","3A","3G","3E","3K"
"347","A,B,D,E,G,H,I,L","C,F,J,K","3E","3G","3B","3D","3A","3H","3L","3I"
"348","A,B,D,E,G,H,I,K","C,F,J,L","3E","3G","3B","3D","3A","3H","3I","3K"
"349","A,B,D,E,G,H,I,J","C,F,K,L","3H","3J","3B","3D","3A","3G","3E","3I"
"350","A,B,D,E,F,J,K,L","C,G,H,I","3E","3J","3B","3D","3A","3F","3L","3K"
"351","A,B,D,E,F,I,K,L","C,G,H,J","3E","3I","3B","3D","3A","3F","3L","3K"
"352","A,B,D,E,F,I,J,L","C,G,H,K","3E","3J","3B","3D","3A","3F","3L","3I"
"353","A,B,D,E,F,I,J,K","C,G,H,L","3E","3J","3B","3D","3A","3F","3I","3K"
"354","A,B,D,E,F,H,K,L","C,G,I,J","3H","3E","3B","3D","3A","3F","3L","3K"
"355","A,B,D,E,F,H,J,L","C,G,I,K","3H","3J","3B","3D","3A","3F","3L","3E"
"356","A,B,D,E,F,H,J,K","C,G,I,L","3H","3J","3B","3D","3A","3F","3E","3K"
"357","A,B,D,E,F,H,I,L","C,G,J,K","3H","3E","3B","3D","3A","3F","3L","3I"
"358","A,B,D,E,F,H,I,K","C,G,J,L","3H","3E","3B","3D","3A","3F","3I","3K"
"359","A,B,D,E,F,H,I,J","C,G,K,L","3H","3J","3B","3D","3A","3F","3E","3I"
"360","A,B,D,E,F,G,K,L","C,H,I,J","3E","3G","3B","3D","3A","3F","3L","3K"
"361","A,B,D,E,F,G,J,L","C,H,I,K","3E","3G","3B","3D","3A","3F","3L","3J"
"362","A,B,D,E,F,G,J,K","C,H,I,L","3E","3G","3B","3D","3A","3F","3J","3K"
"363","A,B,D,E,F,G,I,L","C,H,J,K","3E","3G","3B","3D","3A","3F","3L","3I"
"364","A,B,D,E,F,G,I,K","C,H,J,L","3E","3G","3B","3D","3A","3F","3I","3K"
"365","A,B,D,E,F,G,I,J","C,H,K,L","3E","3G","3B","3D","3A","3F","3I","3J"
"366","A,B,D,E,F,G,H,L","C,I,J,K","3H","3G","3B","3D","3A","3F","3L","3E"
"367","A,B,D,E,F,G,H,K","C,I,J,L","3H","3G","3B","3D","3A","3F","3E","3K"
"368","A,B,D,E,F,G,H,J","C,I,K,L","3H","3G","3B","3D","3A","3F","3E","3J"
"369","A,B,D,E,F,G,H,I","C,J,K,L","3H","3G","3B","3D","3A","3F","3E","3I"
"370","A,B,C,H,I,J,K,L","D,E,F,G","3I","3J","3B","3C","3A","3H","3L","3K"
"371","A,B,C,G,I,J,K,L","D,E,F,H","3I","3J","3B","3C","3A","3G","3L","3K"
"372","A,B,C,G,H,J,K,L","D,E,F,I","3H","3J","3B","3C","3A","3G","3L","3K"
"373","A,B,C,G,H,I,K,L","D,E,F,J","3I","3G","3B","3C","3A","3H","3L","3K"
"374","A,B,C,G,H,I,J,L","D,E,F,K","3H","3J","3B","3C","3A","3G","3L","3I"
"375","A,B,C,G,H,I,J,K","D,E,F,L","3H","3J","3B","3C","3A","3G","3I","3K"
"376","A,B,C,F,I,J,K,L","D,E,G,H","3I","3J","3B","3C","3A","3F","3L","3K"
"377","A,B,C,F,H,J,K,L","D,E,G,I","3H","3J","3B","3C","3A","3F","3L","3K"
"378","A,B,C,F,H,I,K,L","D,E,G,J","3H","3I","3B","3C","3A","3F","3L","3K"
"379","A,B,C,F,H,I,J,L","D,E,G,K","3H","3J","3B","3C","3A","3F","3L","3I"
"380","A,B,C,F,H,I,J,K","D,E,G,L","3H","3J","3B","3C","3A","3F","3I","3K"
"381","A,B,C,F,G,J,K,L","D,E,H,I","3C","3J","3B","3F","3A","3G","3L","3K"
"382","A,B,C,F,G,I,K,L","D,E,H,J","3I","3G","3B","3C","3A","3F","3L","3K"
"383","A,B,C,F,G,I,J,L","D,E,H,K","3C","3J","3B","3F","3A","3G","3L","3I"
"384","A,B,C,F,G,I,J,K","D,E,H,L","3C","3J","3B","3F","3A","3G","3I","3K"
"385","A,B,C,F,G,H,K,L","D,E,I,J","3H","3G","3B","3C","3A","3F","3L","3K"
"386","A,B,C,F,G,H,J,L","D,E,I,K","3H","3G","3B","3C","3A","3F","3L","3J"
"387","A,B,C,F,G,H,J,K","D,E,I,L","3H","3G","3B","3C","3A","3F","3J","3K"
"388","A,B,C,F,G,H,I,L","D,E,J,K","3H","3G","3B","3C","3A","3F","3L","3I"
"389","A,B,C,F,G,H,I,K","D,E,J,L","3H","3G","3B","3C","3A","3F","3I","3K"
"390","A,B,C,F,G,H,I,J","D,E,K,L","3H","3G","3B","3C","3A","3F","3I","3J"
"391","A,B,C,E,I,J,K,L","D,F,G,H","3E","3J","3B","3A","3I","3C","3L","3K"
"392","A,B,C,E,H,J,K,L","D,F,G,I","3E","3J","3B","3C","3A","3H","3L","3K"
"393","A,B,C,E,H,I,K,L","D,F,G,J","3E","3I","3B","3C","3A","3H","3L","3K"
"394","A,B,C,E,H,I,J,L","D,F,G,K","3E","3J","3B","3C","3A","3H","3L","3I"
"395","A,B,C,E,H,I,J,K","D,F,G,L","3E","3J","3B","3C","3A","3H","3I","3K"
"396","A,B,C,E,G,J,K,L","D,F,H,I","3E","3J","3B","3C","3A","3G","3L","3K"
"397","A,B,C,E,G,I,K,L","D,F,H,J","3E","3G","3B","3A","3I","3C","3L","3K"
"398","A,B,C,E,G,I,J,L","D,F,H,K","3E","3J","3B","3C","3A","3G","3L","3I"
"399","A,B,C,E,G,I,J,K","D,F,H,L","3E","3J","3B","3C","3A","3G","3I","3K"
"400","A,B,C,E,G,H,K,L","D,F,I,J","3E","3G","3B","3C","3A","3H","3L","3K"
"401","A,B,C,E,G,H,J,L","D,F,I,K","3H","3J","3B","3C","3A","3G","3L","3E"
"402","A,B,C,E,G,H,J,K","D,F,I,L","3H","3J","3B","3C","3A","3G","3E","3K"
"403","A,B,C,E,G,H,I,L","D,F,J,K","3E","3G","3B","3C","3A","3H","3L","3I"
"404","A,B,C,E,G,H,I,K","D,F,J,L","3E","3G","3B","3C","3A","3H","3I","3K"
"405","A,B,C,E,G,H,I,J","D,F,K,L","3H","3J","3B","3C","3A","3G","3E","3I"
"406","A,B,C,E,F,J,K,L","D,G,H,I","3E","3J","3B","3C","3A","3F","3L","3K"
"407","A,B,C,E,F,I,K,L","D,G,H,J","3E","3I","3B","3C","3A","3F","3L","3K"
"408","A,B,C,E,F,I,J,L","D,G,H,K","3E","3J","3B","3C","3A","3F","3L","3I"
"409","A,B,C,E,F,I,J,K","D,G,H,L","3E","3J","3B","3C","3A","3F","3I","3K"
"410","A,B,C,E,F,H,K,L","D,G,I,J","3H","3E","3B","3C","3A","3F","3L","3K"
"411","A,B,C,E,F,H,J,L","D,G,I,K","3H","3J","3B","3C","3A","3F","3L","3E"
"412","A,B,C,E,F,H,J,K","D,G,I,L","3H","3J","3B","3C","3A","3F","3E","3K"
"413","A,B,C,E,F,H,I,L","D,G,J,K","3H","3E","3B","3C","3A","3F","3L","3I"
"414","A,B,C,E,F,H,I,K","D,G,J,L","3H","3E","3B","3C","3A","3F","3I","3K"
"415","A,B,C,E,F,H,I,J","D,G,K,L","3H","3J","3B","3C","3A","3F","3E","3I"
"416","A,B,C,E,F,G,K,L","D,H,I,J","3E","3G","3B","3C","3A","3F","3L","3K"
"417","A,B,C,E,F,G,J,L","D,H,I,K","3E","3G","3B","3C","3A","3F","3L","3J"
"418","A,B,C,E,F,G,J,K","D,H,I,L","3E","3G","3B","3C","3A","3F","3J","3K"
"419","A,B,C,E,F,G,I,L","D,H,J,K","3E","3G","3B","3C","3A","3F","3L","3I"
"420","A,B,C,E,F,G,I,K","D,H,J,L","3E","3G","3B","3C","3A","3F","3I","3K"
"421","A,B,C,E,F,G,I,J","D,H,K,L","3E","3G","3B","3C","3A","3F","3I","3J"
"422","A,B,C,E,F,G,H,L","D,I,J,K","3H","3G","3B","3C","3A","3F","3L","3E"
"423","A,B,C,E,F,G,H,K","D,I,J,L","3H","3G","3B","3C","3A","3F","3E","3K"
"424","A,B,C,E,F,G,H,J","D,I,K,L","3H","3G","3B","3C","3A","3F","3E","3J"
"425","A,B,C,E,F,G,H,I","D,J,K,L","3H","3G","3B","3C","3A","3F","3E","3I"
"426","A,B,C,D,I,J,K,L","E,F,G,H","3I","3J","3B","3C","3A","3D","3L","3K"
"427","A,B,C,D,H,J,K,L","E,F,G,I","3H","3J","3B","3C","3A","3D","3L","3K"
"428","A,B,C,D,H,I,K,L","E,F,G,J","3H","3I","3B","3C","3A","3D","3L","3K"
"429","A,B,C,D,H,I,J,L","E,F,G,K","3H","3J","3B","3C","3A","3D","3L","3I"
"430","A,B,C,D,H,I,J,K","E,F,G,L","3H","3J","3B","3C","3A","3D","3I","3K"
"431","A,B,C,D,G,J,K,L","E,F,H,I","3C","3J","3B","3D","3A","3G","3L","3K"
"432","A,B,C,D,G,I,K,L","E,F,H,J","3I","3G","3B","3C","3A","3D","3L","3K"
"433","A,B,C,D,G,I,J,L","E,F,H,K","3C","3J","3B","3D","3A","3G","3L","3I"
"434","A,B,C,D,G,I,J,K","E,F,H,L","3C","3J","3B","3D","3A","3G","3I","3K"
"435","A,B,C,D,G,H,K,L","E,F,I,J","3H","3G","3B","3C","3A","3D","3L","3K"
"436","A,B,C,D,G,H,J,L","E,F,I,K","3H","3G","3B","3C","3A","3D","3L","3J"
"437","A,B,C,D,G,H,J,K","E,F,I,L","3H","3G","3B","3C","3A","3D","3J","3K"
"438","A,B,C,D,G,H,I,L","E,F,J,K","3H","3G","3B","3C","3A","3D","3L","3I"
"439","A,B,C,D,G,H,I,K","E,F,J,L","3H","3G","3B","3C","3A","3D","3I","3K"
"440","A,B,C,D,G,H,I,J","E,F,K,L","3H","3G","3B","3C","3A","3D","3I","3J"
"441","A,B,C,D,F,J,K,L","E,G,H,I","3C","3J","3B","3D","3A","3F","3L","3K"
"442","A,B,C,D,F,I,K,L","E,G,H,J","3C","3I","3B","3D","3A","3F","3L","3K"
"443","A,B,C,D,F,I,J,L","E,G,H,K","3C","3J","3B","3D","3A","3F","3L","3I"
"444","A,B,C,D,F,I,J,K","E,G,H,L","3C","3J","3B","3D","3A","3F","3I","3K"
"445","A,B,C,D,F,H,K,L","E,G,I,J","3H","3F","3B","3C","3A","3D","3L","3K"
"446","A,B,C,D,F,H,J,L","E,G,I,K","3C","3J","3B","3D","3A","3F","3L","3H"
"447","A,B,C,D,F,H,J,K","E,G,I,L","3H","3J","3B","3C","3A","3F","3D","3K"
"448","A,B,C,D,F,H,I,L","E,G,J,K","3H","3F","3B","3C","3A","3D","3L","3I"
"449","A,B,C,D,F,H,I,K","E,G,J,L","3H","3F","3B","3C","3A","3D","3I","3K"
"450","A,B,C,D,F,H,I,J","E,G,K,L","3H","3J","3B","3C","3A","3F","3D","3I"
"451","A,B,C,D,F,G,K,L","E,H,I,J","3C","3G","3B","3D","3A","3F","3L","3K"
"452","A,B,C,D,F,G,J,L","E,H,I,K","3C","3G","3B","3D","3A","3F","3L","3J"
"453","A,B,C,D,F,G,J,K","E,H,I,L","3C","3G","3B","3D","3A","3F","3J","3K"
"454","A,B,C,D,F,G,I,L","E,H,J,K","3C","3G","3B","3D","3A","3F","3L","3I"
"455","A,B,C,D,F,G,I,K","E,H,J,L","3C","3G","3B","3D","3A","3F","3I","3K"
"456","A,B,C,D,F,G,I,J","E,H,K,L","3C","3G","3B","3D","3A","3F","3I","3J"
"457","A,B,C,D,F,G,H,L","E,I,J,K","3C","3G","3B","3D","3A","3F","3L","3H"
"458","A,B,C,D,F,G,H,K","E,I,J,L","3H","3G","3B","3C","3A","3F","3D","3K"
"459","A,B,C,D,F,G,H,J","E,I,K,L","3H","3G","3B","3C","3A","3F","3D","3J"
"460","A,B,C,D,F,G,H,I","E,J,K,L","3H","3G","3B","3C","3A","3F","3D","3I"
"461","A,B,C,D,E,J,K,L","F,G,H,I","3E","3J","3B","3C","3A","3D","3L","3K"
"462","A,B,C,D,E,I,K,L","F,G,H,J","3E","3I","3B","3C","3A","3D","3L","3K"
"463","A,B,C,D,E,I,J,L","F,G,H,K","3E","3J","3B","3C","3A","3D","3L","3I"
"464","A,B,C,D,E,I,J,K","F,G,H,L","3E","3J","3B","3C","3A","3D","3I","3K"
"465","A,B,C,D,E,H,K,L","F,G,I,J","3H","3E","3B","3C","3A","3D","3L","3K"
"466","A,B,C,D,E,H,J,L","F,G,I,K","3H","3J","3B","3C","3A","3D","3L","3E"
"467","A,B,C,D,E,H,J,K","F,G,I,L","3H","3J","3B","3C","3A","3D","3E","3K"
"468","A,B,C,D,E,H,I,L","F,G,J,K","3H","3E","3B","3C","3A","3D","3L","3I"
"469","A,B,C,D,E,H,I,K","F,G,J,L","3H","3E","3B","3C","3A","3D","3I","3K"
"470","A,B,C,D,E,H,I,J","F,G,K,L","3H","3J","3B","3C","3A","3D","3E","3I"
"471","A,B,C,D,E,G,K,L","F,H,I,J","3E","3G","3B","3C","3A","3D","3L","3K"
"472","A,B,C,D,E,G,J,L","F,H,I,K","3E","3G","3B","3C","3A","3D","3L","3J"
"473","A,B,C,D,E,G,J,K","F,H,I,L","3E","3G","3B","3C","3A","3D","3J","3K"
"474","A,B,C,D,E,G,I,L","F,H,J,K","3E","3G","3B","3C","3A","3D","3L","3I"
"475","A,B,C,D,E,G,I,K","F,H,J,L","3E","3G","3B","3C","3A","3D","3I","3K"
"476","A,B,C,D,E,G,I,J","F,H,K,L","3E","3G","3B","3C","3A","3D","3I","3J"
"477","A,B,C,D,E,G,H,L","F,I,J,K","3H","3G","3B","3C","3A","3D","3L","3E"
"478","A,B,C,D,E,G,H,K","F,I,J,L","3H","3G","3B","3C","3A","3D","3E","3K"
"479","A,B,C,D,E,G,H,J","F,I,K,L","3H","3G","3B","3C","3A","3D","3E","3J"
"480","A,B,C,D,E,G,H,I","F,J,K,L","3H","3G","3B","3C","3A","3D","3E","3I"
"481","A,B,C,D,E,F,K,L","G,H,I,J","3C","3E","3B","3D","3A","3F","3L","3K"
"482","A,B,C,D,E,F,J,L","G,H,I,K","3C","3J","3B","3D","3A","3F","3L","3E"
"483","A,B,C,D,E,F,J,K","G,H,I,L","3C","3J","3B","3D","3A","3F","3E","3K"
"484","A,B,C,D,E,F,I,L","G,H,J,K","3C","3E","3B","3D","3A","3F","3L","3I"
"485","A,B,C,D,E,F,I,K","G,H,J,L","3C","3E","3B","3D","3A","3F","3I","3K"
"486","A,B,C,D,E,F,I,J","G,H,K,L","3C","3J","3B","3D","3A","3F","3E","3I"
"487","A,B,C,D,E,F,H,L","G,I,J,K","3H","3F","3B","3C","3A","3D","3L","3E"
"488","A,B,C,D,E,F,H,K","G,I,J,L","3H","3E","3B","3C","3A","3F","3D","3K"
"489","A,B,C,D,E,F,H,J","G,I,K,L","3H","3J","3B","3C","3A","3F","3D","3E"
"490","A,B,C,D,E,F,H,I","G,J,K,L","3H","3E","3B","3C","3A","3F","3D","3I"
"491","A,B,C,D,E,F,G,L","H,I,J,K","3C","3G","3B","3D","3A","3F","3L","3E"
"492","A,B,C,D,E,F,G,K","H,I,J,L","3C","3G","3B","3D","3A","3F","3E","3K"
"493","A,B,C,D,E,F,G,J","H,I,K,L","3C","3G","3B","3D","3A","3F","3E","3J"
"494","A,B,C,D,E,F,G,I","H,J,K,L","3C","3G","3B","3D","3A","3F","3E","3I"
"495","A,B,C,D,E,F,G,H","I,J,K,L","3H","3G","3B","3C","3A","3F","3D","3E"
